{
	"class_name" : "PinholeCameraTrajectory",
	"extrinsic" : 
	[
		[
			-0.85885123568328003,
			-0.15803105844344434,
			0.48723786750677311,
			0.0,
			-0.50604016319828193,
			0.11439943639659561,
			-0.85488953800031831,
			0.0,
			0.079359361108563481,
			-0.98078486607379201,
			-0.17822215991580473,
			0.0,
			23.963261796391635,
			840.96901757624869,
			6600.5807642553909,
			1.0
		]
	],
	"intrinsic" : 
	{
		"height" : 1080,
		"intrinsic_matrix" : 
		[
			935.30743608719376,
			0.0,
			0.0,
			0.0,
			935.30743608719376,
			0.0,
			539.5,
			539.5,
			1.0
		],
		"width" : 1080
	},
	"version_major" : 1,
	"version_minor" : 0
}