{
    "height": 720,
    "intrinsic_matrix": [
        637.8131103515625,
        0,
        0,
        0,
        354.3303527832031,
        0,
        944.4125366210938,
        944.4125366210938,
        1
    ],
    "width": 1280
}