{
	"class_name" : "PinholeCameraTrajectory",
	"extrinsic" : 
	[
		[
			0.98609336744424758,
			0.16590083493134927,
			0.0098378682419203722,
			0.0,
			0.098739198836916092,
			-0.63245198432398542,
			0.76828058555302392,
			0.0,
			0.13368036989591303,
			-0.75662500652154929,
			-0.64003762249633223,
			0.0,
			335.61845151720877,
			-858.60100411231474,
			3827.126373020672,
			1.0
		]
	],
	"intrinsic" : 
	{
		"height" : 1080,
		"intrinsic_matrix" : 
		[
			935.30743608719376,
			0.0,
			0.0,
			0.0,
			935.30743608719376,
			0.0,
			959.5,
			539.5,
			1.0
		],
		"width" : 1920
	},
	"version_major" : 1,
	"version_minor" : 0
}