{
	"class_name" : "PinholeCameraTrajectory",
	"extrinsic" : 
	[
		[
			-0.54520064906348731,
			-0.50440271709839846,
			0.66957759165350317,
			0.0,
			-0.77049562991874321,
			-0.013189812687035644,
			-0.63730880514661037,
			0.0,
			0.33029189596003011,
			-0.8633677824803484,
			-0.38144899480545846,
			0.0,
			-122.72439796860317,
			755.37439940037666,
			6561.8564951945627,
			1.0
		]
	],
	"intrinsic" : 
	{
		"height" : 1080,
		"intrinsic_matrix" : 
		[
			935.30743608719376,
			0.0,
			0.0,
			0.0,
			935.30743608719376,
			0.0,
			539.5,
			539.5,
			1.0
		],
		"width" : 1080
	},
	"version_major" : 1,
	"version_minor" : 0
}