{
	"class_name" : "PinholeCameraTrajectory",
	"extrinsic" : 
	[
		[
			-0.55091150729108174,
			-0.45228223478251361,
			0.70138241440344351,
			0.0,
			-0.8308329724117447,
			0.21784950381704563,
			-0.51211147774691823,
			0.0,
			0.078823112649360011,
			-0.86485974226275697,
			-0.49578679200384523,
			0.0,
			366.89440727288638,
			-36.078573489834071,
			3861.781182083153,
			1.0
		]
	],
	"intrinsic" : 
	{
		"height" : 1080,
		"intrinsic_matrix" : 
		[
			935.30743608719376,
			0.0,
			0.0,
			0.0,
			935.30743608719376,
			0.0,
			539.5,
			539.5,
			1.0
		],
		"width" : 1080
	},
	"version_major" : 1,
	"version_minor" : 0
}